{
    "Overall Accuracy": 1.4814814814814816,
    "Category-wise Accuracy": {
        "3": 0.0,
        "4": 6.666666666666667,
        "5": 6.666666666666667,
        "6": 6.666666666666667,
        "7": 0.0,
        "8": 6.666666666666667,
        "9": 0.0,
        "10": 0.0,
        "11": 0.0,
        "12": 0.0,
        "13": 0.0,
        "14": 0.0,
        "15": 0.0,
        "16": 0.0,
        "17": 0.0,
        "18": 0.0,
        "19": 0.0,
        "20": 0.0
    }
}