{
    "Overall Accuracy": 49.629629629629626,
    "Category-wise Accuracy": {
        "3": 86.66666666666667,
        "4": 66.66666666666666,
        "5": 73.33333333333333,
        "6": 60.0,
        "7": 53.333333333333336,
        "8": 46.666666666666664,
        "9": 46.666666666666664,
        "10": 33.33333333333333,
        "11": 73.33333333333333,
        "12": 40.0,
        "13": 40.0,
        "14": 40.0,
        "15": 33.33333333333333,
        "16": 53.333333333333336,
        "17": 40.0,
        "18": 20.0,
        "19": 26.666666666666668,
        "20": 60.0
    }
}