{
    "Overall Accuracy": 93.4065934065934,
    "Category-wise Accuracy": {
        "1": 70.0,
        "2": 100.0,
        "3": 100.0,
        "4": 100.0,
        "5": 100.0,
        "6": 100.0,
        "7": 80.0,
        "8": 100.0,
        "9": 100.0,
        "10": 100.0,
        "11": 66.66666666666666
    }
}